السنة,المنطقة,الجنس,عدد السكان
2019,الرياض,ذكور,205000
2019,الرياض,إناث,200000
2019,مكة المكرمة,ذكور,405000
2019,مكة المكرمة,إناث,400000
2019,المدينة المنورة,ذكور,605000
2019,المدينة المنورة,إناث,600000
2019,القصيم,ذكور,805000
2019,القصيم,إناث,800000
2019,المنطقة الشرقية,ذكور,1005000
2019,المنطقة الشرقية,إناث,1000000
2019,عسير,ذكور,1205000
2019,عسير,إناث,1200000
2019,تبوك,ذكور,1405000
2019,تبوك,إناث,1400000
2019,حائل,ذكور,1605000
2019,حائل,إناث,1600000
2019,الحدود الشمالية,ذكور,1805000
2019,الحدود الشمالية,إناث,1800000
2019,جازان,ذكور,2005000
2019,جازان,إناث,2000000
2019,نجران,ذكور,2205000
2019,نجران,إناث,2200000
2019,الباحة,ذكور,2405000
2019,الباحة,إناث,2400000
2019,الجوف,ذكور,2605000
2019,الجوف,إناث,2600000
2020,الرياض,ذكور,206000
2020,الرياض,إناث,201000
2020,مكة المكرمة,ذكور,406000
2020,مكة المكرمة,إناث,401000
2020,المدينة المنورة,ذكور,606000
2020,المدينة المنورة,إناث,601000
2020,القصيم,ذكور,806000
2020,القصيم,إناث,801000
2020,المنطقة الشرقية,ذكور,1006000
2020,المنطقة الشرقية,إناث,1001000
2020,عسير,ذكور,1206000
2020,عسير,إناث,1201000
2020,تبوك,ذكور,1406000
2020,تبوك,إناث,1401000
2020,حائل,ذكور,1606000
2020,حائل,إناث,1601000
2020,الحدود الشمالية,ذكور,1806000
2020,الحدود الشمالية,إناث,1801000
2020,جازان,ذكور,2006000
2020,جازان,إناث,2001000
2020,نجران,ذكور,2206000
2020,نجران,إناث,2201000
2020,الباحة,ذكور,2406000
2020,الباحة,إناث,2401000
2020,الجوف,ذكور,2606000
2020,الجوف,إناث,2601000
2021,الرياض,ذكور,207000
2021,الرياض,إناث,202000
2021,مكة المكرمة,ذكور,407000
2021,مكة المكرمة,إناث,402000
2021,المدينة المنورة,ذكور,607000
2021,المدينة المنورة,إناث,602000
2021,القصيم,ذكور,807000
2021,القصيم,إناث,802000
2021,المنطقة الشرقية,ذكور,1007000
2021,المنطقة الشرقية,إناث,1002000
2021,عسير,ذكور,1207000
2021,عسير,إناث,1202000
2021,تبوك,ذكور,1407000
2021,تبوك,إناث,1402000
2021,حائل,ذكور,1607000
2021,حائل,إناث,1602000
2021,الحدود الشمالية,ذكور,1807000
2021,الحدود الشمالية,إناث,1802000
2021,جازان,ذكور,2007000
2021,جازان,إناث,2002000
2021,نجران,ذكور,2207000
2021,نجران,إناث,2202000
2021,الباحة,ذكور,2407000
2021,الباحة,إناث,2402000
2021,الجوف,ذكور,2607000
2021,الجوف,إناث,2602000
2022,الرياض,ذكور,208000
2022,الرياض,إناث,203000
2022,مكة المكرمة,ذكور,408000
2022,مكة المكرمة,إناث,403000
2022,المدينة المنورة,ذكور,608000
2022,المدينة المنورة,إناث,603000
2022,القصيم,ذكور,808000
2022,القصيم,إناث,803000
2022,المنطقة الشرقية,ذكور,1008000
2022,المنطقة الشرقية,إناث,1003000
2022,عسير,ذكور,1208000
2022,عسير,إناث,1203000
2022,تبوك,ذكور,1408000
2022,تبوك,إناث,1403000
2022,حائل,ذكور,1608000
2022,حائل,إناث,1603000
2022,الحدود الشمالية,ذكور,1808000
2022,الحدود الشمالية,إناث,1803000
2022,جازان,ذكور,2008000
2022,جازان,إناث,2003000
2022,نجران,ذكور,2208000
2022,نجران,إناث,2203000
2022,الباحة,ذكور,2408000
2022,الباحة,إناث,2403000
2022,الجوف,ذكور,2608000
2022,الجوف,إناث,2603000
2023,الرياض,ذكور,209000
2023,الرياض,إناث,204000
2023,مكة المكرمة,ذكور,409000
2023,مكة المكرمة,إناث,404000
2023,المدينة المنورة,ذكور,609000
2023,المدينة المنورة,إناث,604000
2023,القصيم,ذكور,809000
2023,القصيم,إناث,804000
2023,المنطقة الشرقية,ذكور,1009000
2023,المنطقة الشرقية,إناث,1004000
2023,عسير,ذكور,1209000
2023,عسير,إناث,1204000
2023,تبوك,ذكور,1409000
2023,تبوك,إناث,1404000
2023,حائل,ذكور,1609000
2023,حائل,إناث,1604000
2023,الحدود الشمالية,ذكور,1809000
2023,الحدود الشمالية,إناث,1804000
2023,جازان,ذكور,2009000
2023,جازان,إناث,2004000
2023,نجران,ذكور,2209000
2023,نجران,إناث,2204000
2023,الباحة,ذكور,2409000
2023,الباحة,إناث,2404000
2023,الجوف,ذكور,2609000
2023,الجوف,إناث,2604000
