السنة,المنطقة,عدد المشتركين,الاستهلاك (جيجاوات ساعة)
2015,الرياض,100000,500
2015,مكة المكرمة,200000,1000
2015,المدينة المنورة,300000,1500
2015,القصيم,400000,2000
2015,المنطقة الشرقية,500000,2500
2015,عسير,600000,3000
2015,تبوك,700000,3500
2015,حائل,800000,4000
2015,الحدود الشمالية,900000,4500
2015,جازان,1000000,5000
2015,نجران,1100000,5500
2015,الباحة,1200000,6000
2015,الجوف,1300000,6500
2016,الرياض,101000,510
2016,مكة المكرمة,201000,1010
2016,المدينة المنورة,301000,1510
2016,القصيم,401000,2010
2016,المنطقة الشرقية,501000,2510
2016,عسير,601000,3010
2016,تبوك,701000,3510
2016,حائل,801000,4010
2016,الحدود الشمالية,901000,4510
2016,جازان,1001000,5010
2016,نجران,1101000,5510
2016,الباحة,1201000,6010
2016,الجوف,1301000,6510
2017,الرياض,102000,520
2017,مكة المكرمة,202000,1020
2017,المدينة المنورة,302000,1520
2017,القصيم,402000,2020
2017,المنطقة الشرقية,502000,2520
2017,عسير,602000,3020
2017,تبوك,702000,3520
2017,حائل,802000,4020
2017,الحدود الشمالية,902000,4520
2017,جازان,1002000,5020
2017,نجران,1102000,5520
2017,الباحة,1202000,6020
2017,الجوف,1302000,6520
2018,الرياض,103000,530
2018,مكة المكرمة,203000,1030
2018,المدينة المنورة,303000,1530
2018,القصيم,403000,2030
2018,المنطقة الشرقية,503000,2530
2018,عسير,603000,3030
2018,تبوك,703000,3530
2018,حائل,803000,4030
2018,الحدود الشمالية,903000,4530
2018,جازان,1003000,5030
2018,نجران,1103000,5530
2018,الباحة,1203000,6030
2018,الجوف,1303000,6530
2019,الرياض,104000,540
2019,مكة المكرمة,204000,1040
2019,المدينة المنورة,304000,1540
2019,القصيم,404000,2040
2019,المنطقة الشرقية,504000,2540
2019,عسير,604000,3040
2019,تبوك,704000,3540
2019,حائل,804000,4040
2019,الحدود الشمالية,904000,4540
2019,جازان,1004000,5040
2019,نجران,1104000,5540
2019,الباحة,1204000,6040
2019,الجوف,1304000,6540
2020,الرياض,105000,550
2020,مكة المكرمة,205000,1050
2020,المدينة المنورة,305000,1550
2020,القصيم,405000,2050
2020,المنطقة الشرقية,505000,2550
2020,عسير,605000,3050
2020,تبوك,705000,3550
2020,حائل,805000,4050
2020,الحدود الشمالية,905000,4550
2020,جازان,1005000,5050
2020,نجران,1105000,5550
2020,الباحة,1205000,6050
2020,الجوف,1305000,6550
2021,الرياض,106000,560
2021,مكة المكرمة,206000,1060
2021,المدينة المنورة,306000,1560
2021,القصيم,406000,2060
2021,المنطقة الشرقية,506000,2560
2021,عسير,606000,3060
2021,تبوك,706000,3560
2021,حائل,806000,4060
2021,الحدود الشمالية,906000,4560
2021,جازان,1006000,5060
2021,نجران,1106000,5560
2021,الباحة,1206000,6060
2021,الجوف,1306000,6560
2022,الرياض,107000,570
2022,مكة المكرمة,207000,1070
2022,المدينة المنورة,307000,1570
2022,القصيم,407000,2070
2022,المنطقة الشرقية,507000,2570
2022,عسير,607000,3070
2022,تبوك,707000,3570
2022,حائل,807000,4070
2022,الحدود الشمالية,907000,4570
2022,جازان,1007000,5070
2022,نجران,1107000,5570
2022,الباحة,1207000,6070
2022,الجوف,1307000,6570
2023,الرياض,108000,580
2023,مكة المكرمة,208000,1080
2023,المدينة المنورة,308000,1580
2023,القصيم,408000,2080
2023,المنطقة الشرقية,508000,2580
2023,عسير,608000,3080
2023,تبوك,708000,3580
2023,حائل,808000,4080
2023,الحدود الشمالية,908000,4580
2023,جازان,1008000,5080
2023,نجران,1108000,5580
2023,الباحة,1208000,6080
2023,الجوف,1308000,6580
2024,الرياض,109000,590
2024,مكة المكرمة,209000,1090
2024,المدينة المنورة,309000,1590
2024,القصيم,409000,2090
2024,المنطقة الشرقية,509000,2590
2024,عسير,609000,3090
2024,تبوك,709000,3590
2024,حائل,809000,4090
2024,الحدود الشمالية,909000,4590
2024,جازان,1009000,5090
2024,نجران,1109000,5590
2024,الباحة,1209000,6090
2024,الجوف,1309000,6590
